City_ID,City,Country,Lat,Lng,Max Temp,Humidity,Cloudiness,Wind Speed,Current Description
0,Vaini,TO,-21.2,-175.2,82.56,78,75,10.36,broken clouds
1,Flin Flon,CA,54.7682,-101.865,30.51,89,100,7.7,overcast clouds
2,Darya Khan,PK,31.7912,71.1039,66.06,30,0,8.08,clear sky
3,Henties Bay,NA,-22.116,14.2845,60.85,92,0,6.4,clear sky
4,Punta Arenas,CL,-53.15,-70.9167,51.91,50,0,16.11,clear sky
5,Esperance,AU,-33.8667,121.9,72.88,44,100,15.21,overcast clouds
6,Ushuaia,AR,-54.8,-68.3,46.06,71,0,6.91,clear sky
7,Nelson Bay,AU,-32.7167,152.15,75.96,57,100,1.99,overcast clouds
8,Coffs Harbour,AU,-30.3,153.1333,69.76,56,90,8.05,overcast clouds
9,Rikitea,PF,-23.1203,-134.9692,73.08,78,100,17.69,overcast clouds
10,Lasa,IT,46.6166,10.7002,50.74,98,100,3.83,overcast clouds
11,Bethel,US,41.3712,-73.414,57.02,87,32,1.01,scattered clouds
12,Kapaa,US,22.0752,-159.319,80.19,73,36,3.0,scattered clouds
13,Port Alfred,ZA,-33.5906,26.891,66.06,81,100,15.08,overcast clouds
14,Hobart,AU,-42.8794,147.3294,64.02,55,75,3.0,broken clouds
15,Gao,ML,16.6362,1.637,82.35,15,12,10.2,few clouds
16,Carnarvon,AU,-24.8667,113.6333,69.87,56,40,18.41,scattered clouds
17,Puerto Ayora,EC,-0.7393,-90.3518,69.6,90,44,7.31,scattered clouds
18,Mataura,NZ,-46.1927,168.8643,61.63,49,100,10.96,overcast clouds
19,Airai,TL,-8.9266,125.4092,73.96,47,55,2.13,broken clouds
20,Albany,US,42.6001,-73.9662,55.74,80,100,10.38,overcast clouds
21,Semnan,IR,35.5729,53.3971,56.28,59,10,1.72,clear sky
22,Port Blair,IN,11.6667,92.75,81.73,78,54,4.29,broken clouds
23,Bluff,NZ,-46.6,168.3333,54.3,75,100,29.24,overcast clouds
24,Pudozh,RU,61.8099,36.5345,41.23,96,100,5.61,light rain
25,Hasaki,JP,35.7333,140.8333,63.28,73,100,5.7,overcast clouds
26,Kaitangata,NZ,-46.2817,169.8464,64.24,43,84,11.01,broken clouds
27,Guerrero Negro,MX,27.9769,-114.0611,65.16,81,1,11.83,clear sky
28,Lebu,CL,-37.6167,-73.65,50.92,93,17,5.99,few clouds
29,Cape Town,ZA,-33.9258,18.4232,64.09,73,40,1.01,light rain
30,Pemangkat,ID,1.1667,108.9667,81.45,80,94,4.85,overcast clouds
31,Santa Fe,AR,-31.6333,-60.7,80.98,58,7,4.0,moderate rain
32,Sur,OM,22.5667,59.5289,81.25,52,0,8.97,clear sky
33,Avarua,CK,-21.2078,-159.775,77.05,69,75,14.97,broken clouds
34,Laukaa,RU,58.7372,29.8453,42.4,93,79,4.74,broken clouds
35,Port Hedland,AU,-20.3167,118.5667,80.65,61,75,5.75,broken clouds
36,Jamestown,US,42.097,-79.2353,52.52,83,100,10.0,overcast clouds
37,Arraial Do Cabo,BR,-22.9661,-42.0278,70.05,94,100,21.59,overcast clouds
38,Koutsouras,GR,35.0339,25.9469,65.1,77,88,11.68,overcast clouds
39,Tomatlan,MX,19.9333,-105.25,74.84,86,0,1.72,clear sky
40,Okha,RU,53.5739,142.9478,31.69,52,6,8.5,clear sky
41,Chato,TZ,-2.6378,31.7669,66.92,83,100,2.21,overcast clouds
42,Thompson,CA,55.7435,-97.8558,28.56,93,75,4.61,light shower snow
43,Norman Wells,CA,65.282,-126.8329,18.64,90,100,4.99,overcast clouds
44,Barranquilla,CO,10.9639,-74.7964,78.58,94,75,3.44,drizzle
45,San Pedro,PH,14.35,121.0167,82.35,81,72,12.24,broken clouds
46,Shirokiy,RU,49.758,129.523,32.13,29,43,2.59,scattered clouds
47,Lata,PT,40.1629,-8.3327,63.05,97,100,3.76,overcast clouds
48,Te Anau,NZ,-45.4167,167.7167,54.48,69,100,7.74,light rain
49,Kyra,RU,49.5776,111.9753,29.23,75,96,2.57,overcast clouds
50,Olinda,BR,-8.0089,-34.8553,80.33,74,40,6.91,scattered clouds
51,Hithadhoo,MV,-0.6,73.0833,81.81,77,100,19.64,overcast clouds
52,Mega,ET,4.05,38.3,61.18,60,9,17.76,clear sky
53,Tessalit,ML,20.1986,1.0114,81.16,15,1,10.29,clear sky
54,Busselton,AU,-33.65,115.3333,60.04,62,94,18.41,overcast clouds
55,Baruun-Urt,MN,46.6806,113.2792,27.52,23,9,8.21,clear sky
56,Emerald,AU,-23.5333,148.1667,76.33,57,99,16.78,overcast clouds
57,Hamilton,US,39.1834,-84.5333,58.44,74,90,1.01,overcast clouds
58,Cayenne,GF,4.9333,-52.3333,82.09,83,75,4.0,broken clouds
59,Davidson,US,36.1501,-86.7833,56.44,84,20,0.0,few clouds
60,Benito Juarez,MX,19.385,-99.165,64.99,53,90,15.99,overcast clouds
61,Sao Felix Do Xingu,BR,-6.6447,-51.995,72.9,93,69,0.92,broken clouds
62,Severo-Kurilsk,RU,50.6789,156.125,36.05,58,80,25.23,light rain
63,Zheleznodorozhnyy,RU,55.7503,38.0042,41.22,79,7,7.74,clear sky
64,Mahebourg,MU,-20.4081,57.7,70.25,88,40,5.75,scattered clouds
65,Coquimbo,CL,-29.9533,-71.3436,58.73,82,75,6.91,broken clouds
66,Upernavik,GL,72.7868,-56.1549,29.25,77,100,13.38,overcast clouds
67,Yellowknife,CA,62.456,-114.3525,32.56,96,75,13.8,broken clouds
68,Bulgan,MN,48.8125,103.5347,32.67,52,100,2.89,overcast clouds
69,Ilulissat,GL,69.2167,-51.1,31.28,97,100,11.39,light snow
70,Daru,PG,-9.0763,143.2092,82.4,84,100,15.05,overcast clouds
71,Olafsvik,IS,64.8945,-23.7142,34.86,71,22,17.31,few clouds
72,Bambous Virieux,MU,-20.3428,57.7575,70.21,88,40,3.44,scattered clouds
73,Provideniya,RU,64.3833,-173.3,19.51,58,0,15.66,clear sky
74,Zyuzelskiy,RU,56.4856,60.1331,39.04,92,100,11.07,overcast clouds
75,Alibag,IN,18.6411,72.8792,80.67,70,49,6.11,scattered clouds
76,Lumphat,KH,13.4878,106.9816,78.49,79,11,6.82,few clouds
77,Castro,BR,-24.7911,-50.0119,58.69,98,97,6.85,overcast clouds
78,Kununurra,AU,-15.7667,128.7333,84.18,61,18,6.91,few clouds
79,Yumbe,UG,3.4651,31.2469,66.24,82,81,4.07,broken clouds
80,Martinsville,US,36.6915,-79.8725,56.05,78,1,0.0,clear sky
81,Gejiu,CN,23.306,103.1635,53.6,98,100,3.85,overcast clouds
82,Atuona,PF,-9.8,-139.0333,78.66,73,0,17.36,clear sky
83,Bogorodskoye,RU,56.55,37.8833,38.46,87,6,8.61,clear sky
84,Chapais,CA,49.7834,-74.8492,40.78,99,100,1.77,overcast clouds
85,Barrow,US,71.2906,-156.7887,23.97,94,100,15.3,overcast clouds
86,Cherskiy,RU,68.75,161.3,-0.06,97,100,5.79,overcast clouds
87,Vanavara,RU,60.34,102.2797,23.27,94,100,5.12,light snow
88,Narsaq,GL,60.9167,-46.05,25.79,65,27,7.31,scattered clouds
89,Ribeira Brava,PT,32.65,-17.0667,73.0,77,55,2.51,broken clouds
90,Ayan,RU,56.45,138.1667,25.36,38,22,3.15,few clouds
91,Codrington,AU,-38.2667,141.9667,63.59,61,1,3.56,clear sky
92,Fortuna,US,40.5982,-124.1573,61.09,68,90,1.01,overcast clouds
93,Chumphon,TH,10.3333,98.8333,74.46,90,100,2.01,overcast clouds
94,Matara,LK,5.9485,80.5353,77.18,91,100,6.55,overcast clouds
95,East London,ZA,-33.0153,27.9116,64.98,83,100,13.78,overcast clouds
96,Hambantota,LK,6.1241,81.1185,75.54,100,40,0.0,scattered clouds
97,Omboue,GA,-1.5746,9.2618,75.92,92,100,8.03,light rain
98,Gaya,IN,24.7833,85.0,64.09,70,0,3.87,clear sky
99,Jiayuguan,CN,39.8167,98.3,40.1,34,28,3.69,scattered clouds
100,Flinders,AU,-34.5833,150.8552,75.18,58,100,4.0,overcast clouds
101,Saint George,US,37.1041,-113.5841,72.95,33,1,1.01,clear sky
102,Chokurdakh,RU,70.6333,147.9167,-10.77,100,87,6.6,overcast clouds
103,Oktyabrskoye,RU,43.0645,44.7417,39.34,100,100,2.24,mist
104,Cairns,AU,-16.9167,145.7667,91.11,63,57,16.11,broken clouds
105,Bilibino,RU,68.0546,166.4372,-20.33,99,99,0.98,overcast clouds
106,Butaritari,KI,3.0707,172.7902,81.81,76,1,11.54,light rain
107,Pisco,PE,-13.7,-76.2167,62.65,82,0,16.11,clear sky
108,Lodja,CD,-3.4833,23.4333,67.96,96,100,2.75,overcast clouds
109,Goundam,ML,16.4145,-3.6708,87.84,14,3,7.7,clear sky
110,Lannion,FR,48.75,-3.4167,50.25,93,75,12.66,broken clouds
111,Nikolskoye,RU,59.7035,30.7861,48.02,88,98,6.8,overcast clouds
112,Ponta Do Sol,PT,32.6667,-17.1,73.0,76,60,3.13,broken clouds
113,Willmar,US,45.1219,-95.0433,40.84,69,1,5.75,clear sky
114,Bosaso,SO,11.2842,49.1816,78.8,73,28,8.41,scattered clouds
115,Dikson,RU,73.5069,80.5464,5.72,94,97,11.14,overcast clouds
116,Khatanga,RU,71.9667,102.5,5.4,96,100,11.9,light snow
117,Bontang,ID,0.1333,117.5,81.73,80,100,6.73,overcast clouds
118,Kedrovyy,RU,56.1667,91.8167,32.41,93,100,14.16,light snow
119,Ancud,CL,-41.8697,-73.8203,52.12,82,0,7.78,clear sky
120,Tiksi,RU,71.6872,128.8694,11.88,83,100,11.36,overcast clouds
121,Saint-Philippe,RE,-21.3585,55.7679,68.22,86,74,11.05,broken clouds
122,Tasiilaq,GL,65.6145,-37.6368,19.49,58,9,8.23,clear sky
123,Waitati,NZ,-45.75,170.5667,62.8,52,17,2.51,light rain
124,College,US,64.8569,-147.8028,31.37,86,100,3.62,overcast clouds
125,Lavrentiya,RU,65.5833,-171.0,13.46,78,100,10.2,overcast clouds
126,High Level,CA,58.5169,-117.136,28.49,63,99,5.88,overcast clouds
127,Tayu,ID,-6.5397,111.0518,85.24,66,62,3.51,broken clouds
128,Lorengau,PG,-2.0226,147.2712,81.01,85,100,11.7,overcast clouds
129,Tole,UA,44.7167,33.8167,49.15,79,69,3.58,broken clouds
130,Smithers,CA,54.7804,-127.1743,33.55,61,1,2.64,clear sky
131,Hilo,US,19.7297,-155.09,81.25,88,23,1.99,few clouds
132,Kismayo,SO,-0.3582,42.5454,78.22,81,5,13.91,clear sky
133,Kalmunai,LK,7.4167,81.8167,79.3,88,40,6.29,scattered clouds
134,Tocopilla,CL,-22.092,-70.1979,65.84,67,0,5.53,clear sky
135,Chuy,UY,-33.6971,-53.4616,63.7,97,95,8.01,light rain
136,Tuktoyaktuk,CA,69.4541,-133.0374,30.2,74,75,14.97,broken clouds
137,Komsomolskiy,UZ,40.4272,71.7189,42.22,75,8,0.0,clear sky
138,Cristalina,BR,-16.7686,-47.6136,63.09,91,100,2.62,overcast clouds
139,Taos,US,36.4072,-105.5731,52.2,37,1,1.01,clear sky
140,Dera Ghazi Khan,PK,30.0561,70.6348,68.74,21,0,9.4,clear sky
141,Van,TR,38.4924,43.3831,50.58,71,100,3.62,overcast clouds
142,Dongsheng,CN,39.8161,109.9776,37.47,40,0,6.15,clear sky
143,Ribeira Grande,PT,38.5167,-28.7,71.2,88,100,7.38,overcast clouds
144,Misratah,LY,32.3754,15.0925,71.22,61,94,13.09,overcast clouds
145,Adrar,MR,20.5022,-10.0711,82.06,24,50,7.63,scattered clouds
146,Gemena,CD,3.25,19.7667,69.21,96,100,1.3,overcast clouds
147,Tautira,PF,-17.7333,-149.15,84.22,73,18,13.49,few clouds
148,Bredasdorp,ZA,-34.5322,20.0403,61.92,72,100,5.75,overcast clouds
149,Rawson,AR,-43.3002,-65.1023,47.5,74,33,12.46,scattered clouds
150,Pascagoula,US,30.3658,-88.5561,62.42,94,0,4.21,clear sky
151,Muana,BR,-1.5283,-49.2167,76.73,89,97,5.35,heavy intensity rain
152,Namibe,AO,-15.1961,12.1522,64.06,78,17,7.87,few clouds
153,Algarrobo,CO,10.1869,-74.5753,74.7,92,100,1.12,overcast clouds
154,Ashland,US,40.8167,-82.2665,54.52,79,100,15.39,overcast clouds
155,Huilong,CN,31.8111,121.655,65.98,59,100,6.35,overcast clouds
156,Wick,GB,58.4333,-3.0833,50.05,81,75,16.11,broken clouds
157,Daurala,IN,29.1167,77.6833,62.64,61,0,5.35,clear sky
158,Torbay,CA,47.6666,-52.7314,45.57,93,90,19.57,overcast clouds
159,Quatre Cocos,MU,-20.2078,57.7625,70.09,78,12,8.99,few clouds
160,Nouadhibou,MR,20.931,-17.0347,67.66,86,100,16.53,overcast clouds
161,Ambulu,ID,-8.345,113.6058,80.33,82,100,1.23,overcast clouds
162,Tunceli,TR,39.1083,39.5471,49.06,85,85,2.93,overcast clouds
163,Asadabad,IR,34.7824,48.1185,55.36,57,73,2.21,broken clouds
164,General Pico,AR,-35.6566,-63.7568,52.18,96,100,8.66,moderate rain
165,Salalah,OM,17.0151,54.0924,76.62,39,4,2.28,clear sky
166,Tonantins,BR,-2.8731,-67.8022,75.42,94,100,1.05,overcast clouds
167,Buala,SB,-8.145,159.5921,83.32,74,73,5.12,moderate rain
168,Esna,EG,25.2934,32.554,78.37,33,25,7.14,scattered clouds
169,Braco Do Norte,BR,-28.275,-49.1656,62.73,99,100,2.1,overcast clouds
170,Kostomuksha,RU,64.571,30.5767,38.82,98,100,4.25,light rain
171,Besancon,FR,47.2488,6.0182,52.79,100,100,11.48,light rain
172,Portland,US,45.5234,-122.6762,58.37,43,5,1.99,clear sky
173,Pimenta Bueno,BR,-11.6725,-61.1936,73.09,94,100,4.14,moderate rain
174,Gizo,SB,-8.103,156.8419,82.8,75,100,8.75,moderate rain
175,Nuuk,GL,64.1835,-51.7216,36.21,87,90,23.02,moderate rain
176,Naze,JP,28.3667,129.4833,67.12,75,17,15.41,few clouds
177,Kodiak,US,57.79,-152.4072,42.28,90,100,8.63,overcast clouds
178,Kathu,TH,7.9178,98.3332,81.7,99,38,8.14,scattered clouds
179,Bongandanga,CD,1.5,21.05,69.06,99,100,2.06,overcast clouds
180,Petropavlovsk-Kamchatskiy,RU,53.0452,158.6483,32.59,47,40,6.71,scattered clouds
181,Port Alberni,CA,49.2413,-124.8028,46.92,86,0,2.59,clear sky
182,Katsuura,JP,35.1333,140.3,68.18,83,100,6.42,overcast clouds
183,Padang,ID,-0.9492,100.3543,77.05,89,100,2.66,overcast clouds
184,Vostok,RU,46.4856,135.8833,39.0,60,6,1.68,clear sky
185,Baoning,CN,25.3378,110.026,61.7,97,100,3.02,overcast clouds
186,Cabo San Lucas,MX,22.8909,-109.9124,82.06,73,11,5.01,few clouds
187,Alacranes,CU,22.7675,-81.5675,72.09,73,75,6.69,broken clouds
188,Hermanus,ZA,-34.4187,19.2345,60.91,81,100,10.8,overcast clouds
189,Charters Towers,AU,-20.1,146.2667,86.32,49,89,18.48,overcast clouds
190,Novyy Urengoy,RU,66.0833,76.6333,-3.33,96,14,9.91,few clouds
191,New Norfolk,AU,-42.7826,147.0587,63.66,49,100,4.0,overcast clouds
192,Saint Anthony,US,45.0205,-93.218,42.82,58,90,1.99,overcast clouds
193,Inta,RU,66.0317,60.1659,3.47,87,5,8.21,clear sky
194,Cienfuegos,CU,22.1461,-80.4356,72.03,77,6,7.81,clear sky
195,Zharkovskiy,RU,55.849,32.2697,38.39,81,6,6.35,clear sky
196,Ouallam,NE,14.3188,2.0866,85.15,15,100,6.71,overcast clouds
197,San Juan,AR,-31.5375,-68.5364,58.89,65,100,13.51,overcast clouds
198,Laguna,US,38.421,-121.4238,66.06,63,1,1.01,clear sky
199,Roma,US,43.2128,-75.4557,54.39,91,90,0.0,overcast clouds
200,Kroya,ID,-7.6331,109.2461,80.44,82,99,3.13,overcast clouds
201,Straseni,MD,47.1414,28.6103,28.33,91,0,4.29,clear sky
202,Fairbanks,US,64.8378,-147.7164,31.82,84,100,3.49,overcast clouds
203,Gat,IL,31.61,34.7642,78.08,40,100,7.74,overcast clouds
204,Tuatapere,NZ,-46.1333,167.6833,55.31,70,97,10.65,overcast clouds
205,Taoudenni,ML,22.6783,-3.9836,78.98,19,0,11.48,clear sky
206,Zhezkazgan,KZ,47.8043,67.7144,43.77,71,100,12.5,overcast clouds
207,Beloha,MG,-25.1667,45.05,71.28,77,84,4.34,broken clouds
208,Cockburn Town,TC,21.4612,-71.1419,82.06,69,100,7.7,overcast clouds
209,Luangwa,ZM,-15.6167,30.4167,78.06,44,5,2.89,clear sky
210,Leningradskiy,RU,69.3833,178.4167,-1.91,87,99,12.68,overcast clouds
211,Sitka,US,57.0531,-135.33,44.82,73,100,7.18,overcast clouds
212,Aksarka,RU,66.5606,67.7975,-1.05,88,78,3.06,broken clouds
213,Keflavik,IS,64.0049,-22.5624,35.53,86,75,21.85,broken clouds
214,Middelburg,ZA,-25.7751,29.4648,60.24,71,0,5.41,clear sky
215,Saskylakh,RU,71.9167,114.0833,4.59,97,99,6.82,overcast clouds
216,Boden,SE,65.8252,21.6886,35.6,100,100,4.83,overcast clouds
217,Aykhal,RU,66.0,111.5,3.7,94,100,21.07,overcast clouds
218,Crib Point,AU,-38.35,145.2,78.15,66,9,4.45,clear sky
219,Dzhebariki-Khaya,RU,62.2167,135.8,9.81,83,100,2.71,overcast clouds
220,Arica,CL,-18.475,-70.3042,62.83,77,0,4.61,clear sky
221,Marawi,PH,7.9986,124.2928,73.65,75,38,3.58,scattered clouds
222,Vilyuysk,RU,63.7553,121.6247,12.22,90,100,5.7,overcast clouds
223,Salekhard,RU,66.53,66.6019,1.4,84,43,6.44,scattered clouds
224,Kolpashevo,RU,58.3131,82.9089,13.57,82,100,8.66,overcast clouds
225,Aklavik,CA,68.2191,-135.0107,34.52,87,100,9.8,overcast clouds
226,Constantine,DZ,36.365,6.6147,64.45,61,66,5.41,broken clouds
227,Araouane,ML,18.9048,-3.5265,82.51,20,100,11.3,overcast clouds
228,Waipawa,NZ,-41.4122,175.5153,61.93,68,78,3.24,broken clouds
229,Pevek,RU,69.7008,170.3133,1.81,94,100,6.2,light snow
230,Longyearbyen,SJ,78.2186,15.6401,33.64,69,40,20.71,scattered clouds
231,Qaqortoq,GL,60.7167,-46.0333,25.3,65,30,6.29,scattered clouds
232,Porto Novo,BJ,6.4965,2.6036,75.02,87,100,9.04,overcast clouds
233,Grindavik,IS,63.8424,-22.4338,37.35,86,75,21.85,broken clouds
234,Dakar,SN,14.6937,-17.4441,81.48,76,99,15.01,overcast clouds
235,Ocampo,MX,21.65,-101.5,62.65,42,100,8.48,overcast clouds
236,Mehamn,NO,71.0357,27.8492,32.16,84,100,13.51,overcast clouds
237,Morondava,MG,-20.2833,44.2833,69.94,86,73,7.4,broken clouds
238,Pangoa,PE,-12.1167,-73.0,69.33,93,21,3.29,few clouds
239,Andros,GR,37.8333,24.9333,61.36,70,16,4.0,few clouds
240,Pangnirtung,CA,66.1451,-65.7125,27.19,97,100,4.18,snow
241,Iqaluit,CA,63.7506,-68.5145,29.93,86,90,8.99,overcast clouds
242,Gimli,CA,50.6336,-96.9907,34.43,83,86,18.32,overcast clouds
243,Hefei,CN,31.8639,117.2808,65.79,54,8,5.61,clear sky
244,Bundaberg,AU,-24.85,152.35,77.29,44,75,17.27,broken clouds
245,Tirumullaivasal,IN,11.2333,79.8333,78.58,88,100,6.64,overcast clouds
246,Manaure,CO,11.7751,-72.4445,81.64,73,100,8.19,overcast clouds
247,Las Cruces,US,32.3123,-106.7783,74.28,27,1,4.0,clear sky
248,Kuah,MY,6.3265,99.8432,80.4,79,100,5.28,overcast clouds
249,Hit,IQ,33.6416,42.8251,75.13,32,100,10.29,overcast clouds
250,Bay City,US,43.5945,-83.8889,45.95,82,1,9.22,clear sky
251,Kozhva,RU,65.1073,57.0459,8.2,94,27,5.19,scattered clouds
252,Meulaboh,ID,4.1363,96.1285,77.38,84,100,3.31,overcast clouds
253,Bairiki,KI,1.3292,172.9752,87.8,62,40,11.5,scattered clouds
254,Gorontalo,ID,0.5412,123.0595,86.22,66,46,2.42,scattered clouds
255,Oranjemund,NA,-28.55,16.4333,61.54,73,100,8.93,overcast clouds
256,San Quintin,MX,30.4833,-115.95,63.36,81,0,8.84,clear sky
257,Orocue,CO,4.7912,-71.3354,76.08,91,100,4.63,overcast clouds
258,Arys,KZ,42.4252,68.795,39.42,59,11,2.89,few clouds
259,Mitsamiouli,KM,-11.3847,43.2844,78.39,79,4,11.25,clear sky
260,Vila Franca Do Campo,PT,37.7167,-25.4333,73.2,94,99,8.21,overcast clouds
261,Jacareacanga,BR,-6.2222,-57.7528,75.13,87,66,1.66,broken clouds
262,Hovd,MN,48.0056,91.6419,34.03,31,1,17.02,clear sky
263,Plettenberg Bay,ZA,-34.0527,23.3716,61.74,88,57,12.71,broken clouds
264,Calabozo,VE,8.9242,-67.4293,75.69,90,100,3.33,overcast clouds
265,Vangaindrano,MG,-23.35,47.6,71.35,94,100,6.31,light rain
266,Kropotkin,RU,45.4375,40.5756,46.47,93,99,7.56,overcast clouds
267,Kumla,SE,59.1277,15.1434,44.55,92,100,7.92,overcast clouds
268,Deputatskiy,RU,69.3,139.9,-3.26,84,100,1.66,overcast clouds
269,Calvinia,ZA,-31.4707,19.776,51.58,83,100,9.89,overcast clouds
270,Nanortalik,GL,60.1432,-45.2371,33.85,68,92,9.78,overcast clouds
271,San Vicente,AR,-26.6167,-54.1333,62.49,97,0,3.11,clear sky
272,Terekli-Mekteb,RU,44.1671,45.8698,55.13,88,100,9.06,overcast clouds
273,Yining,CN,29.0361,114.5636,61.65,82,100,1.28,overcast clouds
274,Mount Gambier,AU,-37.8333,140.7667,67.55,44,5,1.81,clear sky
275,Xixiang,CN,35.1628,112.865,55.53,66,100,3.94,overcast clouds
276,Burns Lake,CA,54.2331,-125.7533,30.18,59,6,3.31,clear sky
277,Victoria,HK,22.2855,114.1577,78.24,81,37,1.01,scattered clouds
278,Kolyvan,RU,55.3053,82.7391,22.62,91,100,8.55,overcast clouds
279,Nara,JP,34.6851,135.8049,70.5,47,100,1.19,overcast clouds
280,Shirvan,AZ,39.9509,48.8994,52.61,83,65,3.38,broken clouds
281,Santa Maria,BR,-29.6842,-53.8069,69.28,86,82,5.17,broken clouds
282,Nome,US,64.5011,-165.4064,16.77,91,46,6.64,scattered clouds
283,Naryan-Mar,RU,67.6713,53.087,8.64,90,5,6.22,clear sky
284,Sao Desiderio,BR,-12.3633,-44.9733,78.03,53,100,1.81,overcast clouds
285,Los Llanos De Aridane,ES,28.6585,-17.9182,67.12,40,40,5.99,scattered clouds
286,Sayyan,YE,15.1718,44.3244,50.16,63,1,5.28,clear sky
287,Mar Del Plata,AR,-38.0023,-57.5575,55.09,90,90,5.01,light rain
288,Ginir,ET,7.1333,40.7,57.0,78,92,4.56,light rain
289,Isangel,VU,-19.55,169.2667,77.99,71,98,11.61,overcast clouds
290,Piacabucu,BR,-10.4056,-36.4344,76.91,79,100,9.17,overcast clouds
291,Sisimiut,GL,66.9395,-53.6735,35.22,94,99,23.76,light rain
292,Newport,GB,51.5877,-2.9984,52.61,88,98,26.51,overcast clouds
293,Klyuchi,RU,52.2667,79.1667,27.95,76,100,9.93,overcast clouds
294,Oudtshoorn,ZA,-33.5907,22.2014,59.36,74,100,5.1,overcast clouds
295,Mahibadhoo,MV,3.7833,72.9667,83.5,71,14,20.58,few clouds
296,Saint-Pierre,RE,-21.3393,55.4781,68.29,72,0,5.75,clear sky
297,Cam Ranh,VN,11.9214,109.1591,80.4,81,25,8.46,scattered clouds
298,Soe,ID,-9.8607,124.284,81.54,48,98,3.98,overcast clouds
299,Helong,CN,42.5397,128.9972,41.05,97,100,2.77,light rain
300,Sciacca,IT,37.5082,13.0881,64.47,97,100,6.85,light rain
301,Ishigaki,JP,24.3448,124.1572,77.5,69,89,16.55,overcast clouds
302,Waddan,LY,29.1614,16.139,69.48,33,7,4.41,clear sky
303,Umm Kaddadah,SD,13.6017,26.6876,82.92,19,32,15.88,scattered clouds
304,Neyshabur,IR,36.2133,58.7958,48.04,46,6,1.39,clear sky
305,Oxford,GB,51.7522,-1.256,50.18,81,88,4.0,moderate rain
306,Palivere,EE,58.9664,23.8911,50.63,91,100,4.7,overcast clouds
307,Gerash,IR,27.6652,54.1371,67.01,36,0,2.66,clear sky
308,Redlands,US,34.0556,-117.1825,72.43,64,96,4.5,overcast clouds
309,Ulaangom,MN,49.9811,92.0667,32.95,55,94,5.73,overcast clouds
310,Qaanaaq,GL,77.484,-69.3632,16.7,71,100,8.72,overcast clouds
311,Walvis Bay,NA,-22.9575,14.5053,61.09,85,0,8.39,clear sky
312,Yeppoon,AU,-23.1333,150.7333,76.78,61,90,18.9,overcast clouds
313,Namie,JP,37.4833,141.0,63.97,71,100,3.49,overcast clouds
314,Luderitz,NA,-26.6481,15.1594,61.61,69,100,7.49,overcast clouds
315,Yumen,CN,40.2833,97.2,40.75,31,100,7.81,overcast clouds
316,Richards Bay,ZA,-28.783,32.0377,63.45,91,100,5.91,overcast clouds
317,Sura,RU,53.8879,45.7419,39.61,86,5,7.72,clear sky
318,Akhtanizovskaya,RU,45.32,37.1,46.87,76,100,8.9,overcast clouds
319,Geraldton,AU,-28.7667,114.6,67.12,59,75,18.41,broken clouds
320,Rong Kwang,TH,18.339,100.3174,74.48,95,100,0.83,overcast clouds
321,Verkhoyansk,RU,67.5447,133.385,3.27,85,100,4.68,overcast clouds
322,Vieques,PR,18.425,-65.8329,81.63,78,20,4.61,few clouds
323,Muroto,JP,33.2833,134.15,67.66,63,84,5.08,broken clouds
324,Homer,US,59.6425,-151.5483,49.89,62,75,10.36,broken clouds
325,Mayo,US,38.8876,-76.5119,59.95,76,0,1.99,clear sky
326,Humberto De Campos,BR,-2.5983,-43.4611,75.85,92,96,5.21,overcast clouds
327,Sumbe,AO,-11.2061,13.8437,73.96,88,100,4.0,light rain
328,Kaffrine,SN,14.1059,-15.5508,79.9,44,19,5.93,few clouds
329,Hauterive,FR,46.0901,3.4459,54.36,94,100,2.82,moderate rain
330,Penzance,GB,50.1186,-5.5371,52.81,70,57,25.7,broken clouds
331,Ouanaminthe,HT,19.55,-71.7333,76.26,82,18,0.29,few clouds
332,Tynda,RU,55.1667,124.7167,24.37,55,100,2.13,overcast clouds
333,Kruisfontein,ZA,-34.0033,24.7314,61.88,84,100,11.81,overcast clouds
334,Grand-Santi,GF,4.25,-54.3833,72.99,98,70,2.53,broken clouds
335,Lalitpur,NP,27.6667,85.3333,54.27,86,60,1.19,broken clouds
336,Sinjar,IQ,36.3209,41.8754,64.9,64,100,10.04,overcast clouds
337,Klaksvik,FO,62.2266,-6.589,41.92,66,100,9.8,overcast clouds
338,Sakakah,SA,29.9697,40.2064,72.95,30,100,7.99,overcast clouds
339,Privodino,RU,61.0781,46.5044,39.15,97,100,2.51,light rain
340,Berdigestyakh,RU,62.0989,126.6992,16.36,92,100,4.25,overcast clouds
341,Mountain Home,US,43.133,-115.6912,52.54,93,20,0.0,few clouds
342,Awjilah,LY,29.1081,21.2869,65.16,85,42,7.52,scattered clouds
343,Sevilla,ES,37.3824,-5.9761,70.0,92,90,5.99,overcast clouds
344,Tura,IN,25.5198,90.2201,62.4,79,0,3.13,clear sky
345,Zhengjiatun,CN,43.5064,123.5064,37.76,28,17,8.61,few clouds
346,Port Elizabeth,ZA,-33.918,25.5701,64.09,100,75,19.57,mist
347,Alot,IN,23.7667,75.55,63.03,49,5,4.32,clear sky
348,Rincon,US,32.296,-81.2354,62.85,89,1,8.05,clear sky
349,Boa Vista,BR,2.8197,-60.6733,85.98,66,40,2.3,scattered clouds
350,Yantal,RU,56.8471,105.2542,28.51,90,100,3.8,overcast clouds
351,San Andres,CO,12.5847,-81.7006,80.62,89,75,9.22,broken clouds
352,Terbuny,RU,52.1389,38.2789,39.13,66,0,5.14,clear sky
353,Sana,YE,15.3547,44.2067,53.24,62,2,5.26,clear sky
354,Clyde River,CA,70.4692,-68.5914,19.15,85,100,7.43,overcast clouds
355,Talnakh,RU,69.4865,88.3972,-13.2,98,81,4.65,broken clouds
356,Hushitai,CN,41.9322,123.5114,39.78,42,8,7.11,clear sky
357,Priargunsk,RU,50.3691,119.1012,29.43,46,13,7.72,few clouds
358,Pitimbu,BR,-7.4706,-34.8086,79.39,76,100,11.1,overcast clouds
359,Port Hardy,CA,50.6996,-127.4199,51.98,50,1,13.8,clear sky
360,Touros,BR,-5.1989,-35.4608,79.48,77,14,14.94,few clouds
361,Lethem,GY,3.3803,-59.7968,79.68,76,86,7.29,overcast clouds
362,San Patricio,US,28.017,-97.5169,76.84,58,0,9.28,clear sky
363,Prince Rupert,CA,54.3161,-130.3201,45.34,67,10,5.97,clear sky
364,Sorland,NO,67.667,12.6934,48.27,89,81,22.21,broken clouds
365,Nemuro,JP,43.3236,145.575,51.46,72,9,10.87,clear sky
366,Omsukchan,RU,62.5333,155.8,-6.83,90,47,3.27,scattered clouds
367,Rio Grande,BR,-32.035,-52.0986,71.94,89,0,17.09,clear sky
368,Coihaique,CL,-45.5752,-72.0662,50.49,68,70,1.92,broken clouds
369,Stillwater,US,36.1156,-97.0584,57.61,57,1,1.01,clear sky
370,Cuamba,MZ,-14.8031,36.5372,76.01,48,0,4.5,clear sky
371,Haines Junction,CA,60.7522,-137.5108,40.95,42,99,3.44,overcast clouds
372,Monterey,US,36.2505,-121.2516,59.72,17,100,4.25,overcast clouds
373,Necochea,AR,-38.5473,-58.7368,51.04,78,100,8.08,overcast clouds
374,Georgetown,MY,5.4112,100.3354,80.89,88,20,3.0,few clouds
375,Road Town,VG,18.4167,-64.6167,80.69,66,5,12.06,clear sky
376,Faya,SA,18.3851,42.4509,55.51,55,10,5.79,clear sky
377,Mayumba,GA,-3.432,10.6554,77.02,88,100,9.71,light rain
378,Yuzhnyy,RU,53.2542,83.6936,26.98,80,75,15.66,broken clouds
379,Sao Gabriel Da Cachoeira,BR,-0.1303,-67.0892,76.82,85,97,2.62,overcast clouds
380,Bage,BR,-31.3314,-54.1069,71.38,83,0,6.91,clear sky
381,Marau,BR,-28.4492,-52.2,62.31,91,0,6.04,clear sky
382,Mattru,SL,7.6244,-11.8332,72.12,97,100,0.54,light rain
383,Navirai,BR,-23.065,-54.1906,67.28,90,0,5.1,clear sky
384,Moron,AR,-34.6534,-58.6198,64.0,83,100,8.01,moderate rain
385,West Bay,KY,19.3667,-81.4167,82.47,72,75,3.0,broken clouds
386,Koumac,NC,-20.5667,164.2833,78.6,60,0,12.97,clear sky
387,Chifeng,CN,42.2683,118.9636,40.59,68,8,3.11,clear sky
388,Wanning,CN,18.8003,110.3967,78.35,87,47,7.34,scattered clouds
389,Tecoanapa,MX,16.5167,-98.75,79.39,78,10,0.98,clear sky
390,Kuito,AO,-12.3833,16.9333,59.58,92,100,3.56,overcast clouds
391,Berlevag,NO,70.8578,29.0864,34.65,79,100,18.12,overcast clouds
392,Bachatskiy,RU,54.2927,86.1285,21.94,84,100,12.01,overcast clouds
393,Menongue,AO,-14.6585,17.691,62.64,85,82,2.93,broken clouds
394,Salym,RU,60.0625,71.4789,15.31,85,100,4.32,overcast clouds
395,Bengkulu,ID,-3.8004,102.2655,78.3,82,100,3.47,overcast clouds
396,Vilhena,BR,-12.7406,-60.1458,68.58,95,100,1.86,overcast clouds
397,Sao Filipe,CV,14.8961,-24.4956,79.39,78,99,6.46,overcast clouds
398,Marsh Harbour,BS,26.5412,-77.0636,76.82,62,9,6.51,clear sky
399,Plouzane,FR,48.3833,-4.6167,53.65,82,75,11.5,broken clouds
400,Southbridge,US,42.0751,-72.0334,56.84,93,80,1.99,broken clouds
401,Maldonado,UY,-34.6667,-54.9167,61.99,98,100,5.77,overcast clouds
402,Yenagoa,NG,4.9247,6.2642,75.97,92,100,5.53,overcast clouds
403,Begowal,IN,31.6167,75.5167,58.98,48,0,6.11,clear sky
404,Urumqi,CN,43.801,87.6005,38.35,75,82,2.24,broken clouds
405,Xai-Xai,MZ,-25.0519,33.6442,64.6,91,0,3.04,clear sky
406,Cidreira,BR,-30.1811,-50.2056,67.87,88,9,21.27,clear sky
407,Eyl,SO,7.9803,49.8164,77.23,80,15,11.54,few clouds
408,Hobyo,SO,5.3505,48.5268,79.95,70,7,13.13,clear sky
409,Tevaitoa,PF,-16.7833,-151.5,78.67,74,82,17.29,broken clouds
410,Anloga,GH,5.7947,0.8973,80.76,81,100,16.67,light rain
411,Sladkovo,RU,55.5284,70.3385,29.89,97,100,11.07,light snow
412,Heihe,CN,50.2441,127.4902,25.38,27,49,6.17,scattered clouds
413,Andenes,NO,69.3143,16.1194,44.58,81,100,10.36,overcast clouds
414,Constitucion,CL,-35.3333,-72.4167,51.53,91,73,2.86,broken clouds
415,Pravdinskiy,RU,56.0667,37.85,39.29,84,7,7.76,clear sky
416,Caravelas,BR,-17.7125,-39.2481,75.18,82,36,7.61,scattered clouds
417,Paamiut,GL,61.994,-49.6678,31.53,72,99,8.14,overcast clouds
418,Maceio,BR,-9.6658,-35.7353,76.44,94,20,5.75,few clouds
419,Corner Brook,CA,48.9667,-57.9484,46.22,88,100,10.29,overcast clouds
420,Muravlenko,RU,63.7898,74.523,0.64,96,12,9.46,few clouds
421,Souillac,MU,-20.5167,57.5167,70.36,88,40,5.75,scattered clouds
422,Ca Mau,VN,9.1769,105.15,81.23,80,89,6.78,overcast clouds
423,Viedma,AR,-40.8135,-62.9967,50.43,74,100,7.74,overcast clouds
424,La Ronge,CA,55.1001,-105.2842,28.8,73,98,8.05,overcast clouds
425,Pundaguitan,PH,6.3711,126.1689,82.35,75,45,5.03,scattered clouds
426,Itaporanga,BR,-7.3044,-38.1503,87.62,36,98,5.93,overcast clouds
427,Tarija,BO,-21.5355,-64.7296,62.51,94,90,0.0,overcast clouds
428,Camden,US,39.7835,-74.9663,59.99,77,0,1.01,clear sky
429,Lagoa,PT,39.05,-27.9833,68.16,92,100,9.4,overcast clouds
430,Ndele,CF,8.4109,20.6473,72.23,65,32,1.86,scattered clouds
431,Saldanha,ZA,-33.0117,17.9442,62.65,76,100,11.32,light rain
432,Hun,LY,29.1268,15.9477,70.59,30,7,5.48,clear sky
433,Krasnoselkup,RU,65.7,82.4667,4.75,94,100,12.64,overcast clouds
434,Havre-Saint-Pierre,CA,50.2334,-63.5986,48.56,100,90,16.11,mist
435,Lucapa,AO,-8.4192,20.7447,65.43,98,100,2.1,moderate rain
436,Qurayyat,SA,31.3318,37.3428,71.65,42,91,8.08,overcast clouds
437,Gari,RU,59.4307,62.3497,33.28,98,100,5.17,overcast clouds
438,Fuyu,CN,45.1833,124.8167,35.8,30,4,5.44,clear sky
439,Gaomi,CN,36.3833,119.7528,54.88,58,0,10.6,light rain
440,Warri,NG,5.5167,5.75,75.67,95,100,4.09,overcast clouds
441,Skibbereen,IE,51.55,-9.2667,46.2,74,7,19.35,clear sky
442,Mantua,IT,45.1667,10.7833,54.82,88,89,3.91,overcast clouds
443,Hay River,CA,60.8156,-115.7999,33.98,56,99,12.95,overcast clouds
444,Notse,TG,6.95,1.1667,75.36,90,100,6.82,overcast clouds
445,Limanowa,PL,49.7059,20.422,47.73,71,0,5.93,clear sky
446,Vaitape,PF,-16.5167,-151.75,78.76,74,97,16.98,overcast clouds
447,Pauini,BR,-7.7136,-66.9764,76.12,85,92,2.44,overcast clouds
448,Rudabanya,HU,48.3833,20.6333,33.03,82,0,1.32,clear sky
449,Yerbogachen,RU,61.2767,108.0108,18.77,85,100,3.87,overcast clouds
450,Monte Patria,CL,-30.6919,-70.9467,66.42,54,100,2.57,overcast clouds
451,Grants,US,35.1473,-107.8514,53.83,28,1,0.0,clear sky
452,Belyy Yar,RU,53.6039,91.3903,35.85,59,0,13.42,clear sky
453,Parambu,BR,-6.2111,-40.6944,79.66,57,93,2.39,overcast clouds
454,Tarko-Sale,RU,64.9225,77.785,-1.55,96,17,11.95,few clouds
455,Svetlyy,RU,54.675,20.1347,45.97,68,68,12.8,broken clouds
456,Hualmay,PE,-11.0964,-77.6139,64.36,82,8,7.52,clear sky
457,Virginia Beach,US,36.8529,-75.978,64.02,85,0,12.84,clear sky
458,Ust-Charyshskaya Pristan,RU,52.3934,83.6635,26.37,82,99,13.62,overcast clouds
459,Lompoc,US,34.6391,-120.4579,64.78,75,100,15.99,overcast clouds
460,Margate,GB,51.3813,1.3862,51.91,76,100,1.99,overcast clouds
461,Balabac,PH,7.9868,117.0645,83.1,78,100,19.86,light rain
462,Chimbote,PE,-9.0853,-78.5783,63.73,84,10,6.64,clear sky
463,Monroe,US,43.1501,-77.6831,54.5,72,75,13.8,broken clouds
464,Eenhana,NA,-17.4667,16.3333,68.09,20,37,2.37,scattered clouds
465,Cabedelo,BR,-6.9811,-34.8339,79.47,78,92,11.99,overcast clouds
466,Nueve De Julio,AR,-35.4444,-60.8831,55.71,97,100,9.86,light rain
467,Khandbari,NP,27.3747,87.2039,58.57,83,45,2.53,scattered clouds
468,Riverton,US,40.5219,-111.9391,61.57,57,40,1.99,scattered clouds
469,Saint Simons,US,31.1352,-81.3901,60.03,77,1,4.61,clear sky
470,Pemba,MZ,-12.974,40.5178,77.77,81,29,14.05,scattered clouds
471,Ihosy,MG,-22.4,46.1167,66.88,88,91,1.9,overcast clouds
472,Northam,GB,51.0333,-4.2167,53.65,75,48,24.16,scattered clouds
473,Rabaul,PG,-4.1967,152.1721,83.14,71,73,4.72,broken clouds
474,Savinka,RU,50.0785,47.0994,41.22,61,0,7.31,clear sky
475,Husavik,IS,66.0449,-17.3389,34.16,99,100,19.95,moderate rain
476,Kombissiri,BF,12.0656,-1.3375,80.37,26,90,6.53,overcast clouds
477,Wangqing,CN,43.3218,129.7634,42.28,69,100,3.51,light rain
478,Yulara,AU,-25.2406,130.9889,75.04,60,0,8.05,clear sky
479,Zitiste,RS,45.485,20.5497,41.02,67,0,13.0,clear sky
480,Puerto Escondido,MX,15.85,-97.0667,79.93,79,99,3.13,overcast clouds
481,Cocobeach,GA,1.0002,9.5823,75.18,94,100,7.0,heavy intensity rain
482,Harper,LR,4.375,-7.7169,77.45,87,96,7.9,overcast clouds
483,Masallatah,LY,32.6167,14.0,71.65,40,97,10.94,overcast clouds
484,Aranos,NA,-24.1333,19.1167,63.18,21,0,10.09,clear sky
485,Asau,RO,46.4333,26.4,43.72,95,0,4.0,clear sky
486,Abomsa,ET,9.9833,39.9833,66.22,73,99,4.56,light rain
487,Porto Calvo,BR,-9.045,-35.3983,76.35,88,58,4.25,broken clouds
488,Khandyga,RU,62.6667,135.6,7.95,84,100,4.14,overcast clouds
489,Mahon,ES,39.8885,4.2658,70.36,94,0,11.5,clear sky
490,Alekseyevsk,RU,57.8406,108.3492,31.01,89,100,3.22,overcast clouds
491,Pierre,US,44.3683,-100.351,41.05,56,0,3.0,clear sky
492,Tual,ID,-5.6667,132.75,84.24,70,72,5.7,broken clouds
493,Povenets,RU,62.8487,34.8262,42.49,96,100,7.43,light rain
494,Batemans Bay,AU,-35.7167,150.1833,77.99,49,71,8.23,broken clouds
495,Vila Velha,BR,-20.3297,-40.2925,71.55,94,90,3.44,overcast clouds
496,Ballina,AU,-28.8667,153.5667,70.79,66,100,8.81,overcast clouds
497,Fort Nelson,CA,58.8053,-122.7002,29.79,59,40,0.0,scattered clouds
498,Yamada,JP,39.4667,141.95,60.55,68,38,4.94,scattered clouds
499,Salamiyah,SY,35.0113,37.0532,66.02,61,4,21.52,clear sky
500,Hakkari,TR,37.5833,44.1667,46.26,90,100,3.09,overcast clouds
501,Canutama,BR,-6.5339,-64.3831,74.34,91,98,5.59,overcast clouds
502,Suntar,RU,62.1444,117.6319,20.82,76,100,5.53,overcast clouds
503,Grand Gaube,MU,-20.0064,57.6608,70.38,81,0,5.01,clear sky
504,Batagay-Alyta,RU,67.8006,130.4114,2.97,87,100,3.83,overcast clouds
505,Yangjiang,CN,21.85,111.9667,76.95,83,100,7.49,overcast clouds
506,Hofn,IS,64.2539,-15.2082,39.6,60,99,26.42,overcast clouds
507,Enshi,CN,30.3,109.4833,57.24,95,100,1.01,overcast clouds
508,Crowley,US,30.2141,-92.3746,64.36,84,0,4.5,clear sky
509,Shitanjing,CN,39.2342,106.3439,41.65,45,100,4.5,overcast clouds
510,Dingle,PH,10.9995,122.6711,82.22,79,94,14.12,overcast clouds
511,Stege,DK,54.987,12.2846,56.05,70,100,28.9,overcast clouds
512,Velsk,RU,61.0701,42.0983,38.62,97,100,3.36,overcast clouds
513,Muyezerskiy,RU,63.9333,31.65,39.67,98,100,4.81,overcast clouds
514,Ketchikan,US,55.3422,-131.6461,43.54,76,43,3.44,scattered clouds
515,Gladstone,AU,-23.85,151.25,82.78,53,75,19.57,broken clouds
516,Dinguiraye,GN,11.3,-10.7167,71.35,85,91,3.11,overcast clouds
517,Wad Madani,SD,14.4012,33.5199,84.15,25,7,8.37,clear sky
518,Mount Isa,AU,-20.7333,139.5,87.57,37,9,13.8,clear sky
519,Chernyshevskiy,RU,63.0128,112.4714,9.61,95,79,4.38,broken clouds
520,San Borja,BO,-14.8167,-66.85,86.25,39,23,3.67,few clouds
521,Alice Springs,AU,-23.7,133.8833,72.95,53,75,0.0,broken clouds
522,Pardina,RO,45.3064,28.9569,50.59,90,45,4.03,scattered clouds
523,Tanout,NE,14.9709,8.8879,79.72,19,21,10.38,few clouds
524,Urubicha,BO,-15.3833,-62.95,81.25,47,8,1.92,clear sky
525,Sainte-Thecle,CA,46.8168,-72.4991,45.19,96,100,8.97,overcast clouds
526,Ballitoville,ZA,-29.539,31.2144,65.25,85,28,6.13,scattered clouds
527,Muskogee,US,35.5834,-95.3336,56.21,81,1,4.61,clear sky
528,Podor,MR,16.6527,-14.9587,88.52,22,79,9.1,broken clouds
529,Fomboni,KM,-12.28,43.7425,79.34,81,1,15.37,clear sky
530,Wukari,NG,7.85,9.7833,76.39,81,67,5.5,broken clouds
531,Sao Goncalo Do Sapucai,BR,-21.8922,-45.5953,64.74,98,100,3.76,overcast clouds
532,Sri Aman,MY,1.2376,111.4621,79.54,88,100,1.81,overcast clouds
533,Luena,AO,-11.7833,19.9167,62.28,97,100,4.16,overcast clouds
534,Lakes Entrance,AU,-37.8811,147.981,71.58,56,100,6.91,overcast clouds
535,Changchun,CN,43.88,125.3228,40.14,58,100,5.08,overcast clouds
536,Ramon,PH,16.7842,121.535,77.41,79,94,2.13,overcast clouds
537,Ust-Nera,RU,64.5667,143.2,-11.38,98,91,5.95,overcast clouds
538,Maroantsetra,MG,-15.4333,49.7333,73.42,90,90,2.13,overcast clouds
539,Musoma,TZ,-1.5,33.8,71.64,69,100,8.03,overcast clouds
540,Boguchany,RU,58.3814,97.4531,32.7,95,100,9.26,light snow
541,Kindersley,CA,51.4668,-109.1682,30.38,43,0,6.6,clear sky
542,Macas,EC,-2.3167,-78.1167,67.59,97,96,2.33,light rain
543,Aleksandrovskiy Zavod,RU,50.9237,117.9374,27.84,31,12,5.32,few clouds
544,Salinas,US,36.6777,-121.6555,63.86,68,1,6.91,clear sky
545,Cap Malheureux,MU,-19.9842,57.6142,70.47,81,0,1.99,clear sky
546,Valpacos,PT,41.6075,-7.3109,52.74,85,100,9.24,overcast clouds
547,Aksu,CN,41.1231,80.2644,42.31,33,0,3.38,clear sky
548,Avon,US,41.4517,-82.0354,56.86,74,100,5.01,overcast clouds
549,Itarema,BR,-2.9248,-39.9167,80.35,78,29,13.42,scattered clouds
550,Maarianhamina,AX,60.0973,19.9348,46.26,100,90,4.61,fog
551,Santo Antonio Do Ica,BR,-3.1022,-67.9397,75.63,90,100,1.12,overcast clouds
552,Storsteinnes,NO,69.2408,19.2344,42.8,96,100,6.96,overcast clouds
553,Amapa,BR,1.0,-52.0,71.73,99,100,1.95,light rain
554,Nakhon Nayok,TH,14.1667,101.1,84.02,86,100,1.1,overcast clouds
555,Conde,BR,-7.2597,-34.9075,78.26,78,20,5.75,few clouds
556,Boende,CD,-0.2167,20.8667,69.01,92,100,2.59,overcast clouds
557,Milkovo,RU,54.7167,158.6167,26.74,61,53,4.09,broken clouds
558,Tarrafal,CV,15.2833,-23.7667,77.79,80,99,10.27,overcast clouds
559,Kuvandyk,RU,51.4781,57.3552,39.11,95,100,7.2,overcast clouds
560,Honningsvag,NO,70.9821,25.9704,34.7,86,97,17.38,overcast clouds
561,Opuwo,NA,-18.0607,13.84,65.55,20,0,5.64,clear sky
562,Banjar,ID,-8.19,114.9675,82.26,72,100,1.63,overcast clouds
563,Atar,MR,20.5169,-13.0499,80.6,20,0,5.17,clear sky
564,Sao Joao Da Barra,BR,-21.6403,-41.0511,70.9,94,100,19.24,moderate rain
565,Nyurba,RU,63.2842,118.3319,16.12,85,100,6.73,overcast clouds
566,Samarai,PG,-10.6167,150.6667,83.75,77,100,14.88,overcast clouds
567,Saint-Augustin,CA,51.226,-58.6502,44.06,65,100,8.77,overcast clouds
568,Plainview,US,40.7765,-73.4673,60.48,75,20,1.01,few clouds
569,Shakiso,ET,5.75,38.9167,53.64,86,8,4.25,clear sky
570,Chhabra,IN,24.6667,76.8333,63.72,51,0,5.21,clear sky
571,Pangody,RU,65.85,74.4859,-1.82,100,81,6.29,broken clouds
572,Sehithwa,BW,-20.4667,22.7167,78.71,18,0,1.97,clear sky
573,Cabinda,AO,-5.55,12.2,77.49,87,100,9.22,light rain
574,San Lorenzo,PY,-25.3333,-57.5333,74.95,71,7,5.35,clear sky
575,Qasigiannguit,GL,68.8193,-51.1922,32.25,93,100,8.72,overcast clouds
576,Takoradi,GH,4.8845,-1.7554,78.03,87,100,11.21,overcast clouds
577,Muros,ES,42.7762,-9.0603,58.15,94,58,11.59,broken clouds
578,Taungdwingyi,MM,20.0167,95.55,75.6,88,75,2.95,broken clouds
579,Marzuq,YE,14.4,46.4667,66.04,60,5,2.93,clear sky
580,Maragogi,BR,-9.0122,-35.2225,76.96,82,34,8.34,scattered clouds
581,Aitape,PG,-3.1374,142.3475,78.62,90,100,7.25,overcast clouds
582,Bhawanipatna,IN,19.9,83.1667,69.4,89,82,1.66,broken clouds
583,Shimoda,JP,34.6667,138.95,66.11,72,100,9.1,overcast clouds
584,Tezu,IN,27.9167,96.1667,67.8,63,50,3.04,scattered clouds
585,Zhangye,CN,38.9342,100.4517,44.51,36,96,1.03,overcast clouds
586,Vao,NC,-22.6667,167.4833,72.07,75,34,14.9,scattered clouds
587,Zyryanka,RU,65.75,150.85,0.39,88,16,10.78,few clouds
588,Aqtobe,KZ,50.2797,57.2072,37.49,93,0,11.18,clear sky
589,Ahipara,NZ,-35.1667,173.1667,60.94,64,98,14.43,overcast clouds
590,Egvekinot,RU,66.3167,-179.1667,-0.02,83,94,6.15,overcast clouds
591,Alikovo,RU,55.7383,46.7549,35.47,87,18,11.07,few clouds
592,Lashio,MM,22.9333,97.75,64.56,92,29,0.38,scattered clouds
593,Mugur-Aksy,RU,50.35,90.5,10.22,87,12,7.2,few clouds
594,Taitung,TW,22.7583,121.1444,79.07,65,20,8.05,few clouds
595,Aleppo,SY,36.25,37.5,62.42,64,45,8.99,scattered clouds
596,Avera,US,33.194,-82.5271,57.67,75,0,6.96,clear sky
597,Caranavi,BO,-15.8167,-67.55,68.86,77,100,3.65,overcast clouds
598,Anadyr,RU,64.75,177.4833,-5.01,76,66,15.01,broken clouds
599,Faanui,PF,-16.4833,-151.75,78.76,74,95,17.05,overcast clouds
600,Kaeo,NZ,-35.1,173.7833,66.33,63,98,6.04,overcast clouds
601,Powell River,CA,49.8496,-124.5361,47.08,60,0,2.44,clear sky
602,Ulladulla,AU,-35.35,150.4667,77.77,47,85,10.11,overcast clouds
603,Beringovskiy,RU,63.05,179.3167,6.82,89,73,12.64,broken clouds
604,Alofi,NU,-19.0595,-169.9187,80.49,69,28,14.97,scattered clouds
605,Hanzhong,CN,33.0728,107.0303,56.71,80,96,2.64,overcast clouds
606,Mirabad,AF,30.4362,61.8383,61.0,32,0,23.91,clear sky
607,Petrove,UA,48.3247,33.2562,39.31,84,0,7.27,clear sky
608,Rorvik,NO,64.8621,11.2373,47.21,83,93,13.38,overcast clouds
609,San-Pedro,CI,4.7485,-6.6363,76.89,89,100,6.87,overcast clouds
610,Kostroma,RU,57.7708,40.9344,42.51,93,15,8.19,few clouds
611,Ust-Omchug,RU,61.15,149.6333,-7.33,95,33,1.83,scattered clouds
612,Uravakonda,IN,14.95,77.2667,71.49,90,45,5.75,scattered clouds
613,Phoenixville,US,40.1304,-75.5149,59.47,75,40,1.01,scattered clouds
614,Bitung,ID,1.4451,125.1824,86.85,65,87,1.7,overcast clouds
615,Thaton,MM,16.9206,97.3714,77.97,86,83,3.51,broken clouds
616,Bartlesville,US,36.7473,-95.9808,57.76,65,77,1.01,broken clouds
617,Alice,US,27.7523,-98.0697,75.31,62,0,12.19,clear sky
618,Xining,CN,36.6167,101.7667,36.3,84,99,2.8,overcast clouds
619,Bozdar,PK,27.1828,68.636,62.67,19,0,0.76,clear sky
620,Jinhua,CN,29.1078,119.6547,64.69,79,49,3.6,scattered clouds
621,Jalu,LY,29.0331,21.5482,64.99,85,13,7.87,few clouds
622,Burdur,TR,37.7203,30.2908,52.5,87,75,6.91,broken clouds
623,Rock Springs,US,41.5875,-109.2029,42.04,73,75,1.01,broken clouds
624,Dolores,AR,-36.3132,-57.6792,53.82,81,100,8.48,light rain
625,Sabang,ID,5.8933,95.3214,81.34,75,77,6.87,broken clouds
626,Hellvik,NO,59.9156,5.781,55.78,70,100,11.01,light rain
627,Kozluk,TR,38.1938,41.4885,57.45,73,100,2.57,overcast clouds
628,Carlsbad,US,33.1581,-117.3506,69.1,81,1,1.01,clear sky
629,Jiuquan,CN,39.7432,98.5174,41.88,36,14,3.94,few clouds
630,Camana,PE,-16.6228,-72.7111,65.46,83,0,5.86,clear sky
631,Alice Town,BS,25.7167,-79.3,77.07,63,76,5.08,broken clouds
632,Kavaratti,IN,10.5669,72.642,81.1,79,81,6.87,broken clouds
633,Tipuani,BO,-15.5648,-68.0185,71.06,93,100,2.71,overcast clouds
634,Tabou,CI,4.423,-7.3528,76.86,88,90,7.85,light rain
635,Izhma,RU,65.0083,53.9113,9.57,96,42,3.89,scattered clouds
636,Vidor,US,30.1316,-94.0155,64.42,57,0,2.86,clear sky
637,Hami,CN,42.8,93.45,48.6,49,100,2.08,overcast clouds
638,Oktyabrskiy,RU,54.4815,53.471,41.05,86,49,8.08,scattered clouds
639,Raymondville,US,26.4815,-97.7831,81.37,59,2,14.12,clear sky
640,Golpayegan,IR,33.4537,50.2884,54.16,45,45,1.25,scattered clouds
641,Hyeres,FR,43.1167,6.1167,63.68,79,90,6.91,overcast clouds
642,Fukue,JP,32.6881,128.8419,69.04,52,100,11.54,overcast clouds
643,Wainwright,CA,52.839,-110.8572,27.18,52,0,4.36,clear sky
644,Vrangel,RU,42.7297,133.0839,51.15,71,100,15.3,overcast clouds
645,Irtyshskiy,RU,58.3333,68.1333,25.12,96,100,7.02,snow
646,Puerto Quijarro,BO,-17.7833,-57.7667,78.66,77,63,2.98,broken clouds
647,Hervey Bay,AU,-25.2986,152.8535,77.11,59,100,16.75,overcast clouds
648,Pa Sang,TH,18.5262,98.9394,77.79,68,82,0.85,broken clouds
649,Tairua,NZ,-37.0167,175.85,67.08,59,81,3.24,broken clouds
650,Gamba,GA,-2.65,10.0,76.01,89,100,7.58,light rain
651,Fayaoue,NC,-20.65,166.5333,75.54,62,0,5.95,clear sky
652,Auki,SB,-8.7676,160.7034,82.0,79,100,6.73,light rain
653,Arkhangelsk,RU,64.5401,40.5433,33.91,100,90,8.95,light snow
654,Zabol,AF,32.25,67.25,44.19,39,0,6.71,clear sky
655,Oksfjord,NO,70.2396,22.3479,38.32,91,86,12.08,overcast clouds
656,Tra Vinh,VN,9.9347,106.3453,83.7,73,84,10.76,broken clouds
657,Maniitsoq,GL,65.4167,-52.9,35.17,99,95,11.01,light rain
658,Bathsheba,BB,13.2167,-59.5167,77.61,83,75,16.11,broken clouds
659,Riyadh,SA,24.6877,46.7219,71.85,28,0,3.67,clear sky
660,Fort Frances,CA,48.5999,-93.4003,35.17,76,90,1.01,light rain
661,Kahului,US,20.8947,-156.47,83.97,75,5,5.01,clear sky
662,San Rafael,AR,-34.6177,-68.3301,48.7,71,100,4.85,overcast clouds
663,Makakilo City,US,21.3469,-158.0858,82.15,62,20,9.22,few clouds
664,Abu Samrah,SY,35.3029,37.1841,65.57,59,3,8.37,clear sky
665,Almaznyy,RU,48.0448,40.045,46.54,94,0,7.9,clear sky
666,Sarangani,PH,5.4033,125.4636,83.53,73,75,12.01,broken clouds
667,Lamu,KE,-2.2717,40.902,79.02,83,42,12.62,scattered clouds
668,Sekoma,BW,-24.4,23.8833,70.79,20,0,7.76,clear sky
669,Arlit,NE,18.7369,7.3853,80.62,21,41,8.68,scattered clouds
670,Silver City,US,32.7701,-108.2803,61.63,31,1,4.0,clear sky
671,Mordovo,RU,52.0834,40.77,39.92,70,4,5.77,clear sky
